Model,img
BMW X2,https://i.i-sgcm.com/new_cars/cars/21799/21799_m.jpg
BMW M4,https://platform.cstatic-images.com/in/v2/stock_photos/aa68e468-a5a5-4269-a801-1aaf3a746bdf/ba7809b4-c991-4893-a010-bd3f4aa52cd2.png
BMW 6 Series,https://www.bmw.com.sg/content/dam/bmw/common/all-models/6-series/gran-turismo/2021/navigation/bmw-6-series-gran-turismo-posi-modelfinder.png
BMW M2,"https://cache.bmwusa.com/cosy.arox?pov=walkaround&brand=WBBM&vehicle=252R&client=byoc&paint=P0300&fabric=FMANL&sa=S01E6,S01MB,S02MA,S02VF,S0302,S0319,S0322,S03AG,S0403,S0430,S0431,S043A,S043W,S0459,S0493,S0494,S04GQ,S04UR,S0508,S0534,S0544,S05AS,S05DC,S0688,S06AC,S06AK,S06C4,S06CP,S06U2,S06WC,S0712,S0760,S0775&angle=30"
BMW iX3,https://www.vertumotors.com/new/vertu/car/bmw/ix3/BMW-iX3-M-Sport-2021%5E1000x667%5E.jpg
BMW 8 Series,https://www.bmw.com.sg/content/dam/bmw/common/all-models/8-series/gran-coupe/2022/navigation/bmw-8series-gran-coupe-modelfinder-stage2-890x501.png
BMW 7 Series,https://imgd.aeplcdn.com/664x374/n/cw/ec/132513/new-7-series-exterior-left-front-three-quarter-2.jpeg?isig=0&q=80
BMW i4,"https://cache.bmwusa.com/cosy.arox?pov=walkaround&brand=WBBM&vehicle=24DD&client=byoc&paint=P0300&fabric=FKHSW&sa=S01CB,S0255,S0302,S0319,S0322,S03AG,S03DE,S03F7,S03MB,S0403,S0430,S0431,S0459,S0493,S04AT,S04UR,S0508,S0534,S0544,S05AC,S05AS,S0676,S06AC,S06AK,S06C4,S06U2,S06WC,S0775&date=20240629&angle=30"
BMW X4,https://prod.cosy.bmw.cloud/bmvis/cosySec?COSY-EU-100-2545J3qAHyFnz5cRoHSWRzMESDsVcRoH7QRzMESV59VMb3G6bUJ1rjGRPixrQbUoaFoGq0zdpbrbl38mrjGm7SErQbCUQMs2q0zRERW8J13882q0zAaFHdl382hhq0zkRNSQBL4QSW8zLAd8W8J1ExSnQNUMESQdo8uoUQqoQEdcNq0zkdHNqoQqRrjGzIEtN3WCIqx8W8zWubJjqogqaJoEl3ilUQt9cRScH7o3MbnMd0B9yJGy5BObrQ%25r9Yp9W8zWunUQqogqaGjdl3ilU%257QcRScHzesMbnMdg7oyJGy5iKErQ%25r9SRwW8zWunioqogqaGsdl3ilU%25KBcRScH40iMbnMdemRyJGy5m3SrQ%25r9sRcW8zWuKSuqogqaDnvl3ilURJ5cRScHbj7MbnMdJoiyJGy5Q3drQ%25r98RiW8zWuonNqogqa3oyl3ilUR3ZcRScHbDBMbnMdd8uyJGy558arQ%25r99uDW8zWuuf4qoQLds3%251UMESj8%25IMb3Vq0zoaDHdl38vontCcYiGb8l38NrjGl3guUHqoQUyFnHm
BMW M3,https://www.bmw.cc/content/dam/bmw/common/all-models/m-series/m3-sedan/2022/highlights/bmw-3-series-sedan-m-automobiles-gallery-impressions-m3-competition-02-desktop.jpg.asset.1652802034367.jpg
BMW X6,https://www.bmw.ca/content/dam/bmw/common/all-models/m-series/x6m/2023/highlights/bmw-m-series-x6-m-gallery-image-impressionen-03_1920.jpg.asset.1675123934752.jpg
BMW 5 Series,https://www.bmw.ie/content/dam/bmw/common/all-models/i-series/i5/2023/Navigation/i5-bev.png
BMW M5,https://io.ilsa.ru/gallery/catalog/a/2d/4d1cf2d6d6bb17f6ee5fe1c0096dc2da.jpg
BMW X1,https://imgd.aeplcdn.com/664x374/n/cw/ec/140591/x1-exterior-left-front-three-quarter-2.png?isig=0&q=80
BMW 2 Series,https://www.bmw.co.za/content/dam/bmw/common/all-models/2-series/series-overview/bmw-2-series-overview-page-model-carousel-03.jpg
BMW X5,https://prod.cosy.bmw.cloud/bmvis/cosySec?COSY-EU-100-2545J3qAHyFnz5cRoHSWRzMESDsVcRoH7QRzMESV59VMb3G6bUJ1rjGRPixrQbUoaFoGq0zdgt7Rl38mrjGm7SErQbCUQMs2q0zRERW8J13882q0zAaGbbl382hhq0zkRNSQBL4QSW8zLAd8W8J1ExSnQNUMESQdoBo3UQqoQEdcNq0zkdHNqoQqRrjGzIEtN3WCIqx8W8zWu3ndqogqaR2%25l3ilUQ4jcRScH8R4MbnMdo13yJGy536nrQ%25r9R1HW8zWubxdqogqaJh0l3ilUjdocRScH7o3MbnMd0B9yJGy5BgQrQ%25r9YdFW8zWuEfGqogqaGH8l3ilU%25ddcRScHzQBMbnMdg89yJGy5ioBrQ%25r9SbUW8zWunJjqogqaGQFl3ilU%254JcRScHzesMbnMdg7oyJGy5i0BrQ%25r9SDGW8zWun9IqogqaGIvl3ilU%25vecRScHzN7MbnMdgCEyJGy5msbrQ%25r9sRnW8zWuKbIqogqaDJyl3ilUCGpcRScHbeiMbnMdJ70yJGy5Q3drQ%25r98R9W8zWuobSqogqa3Gzl3ilUR3AcRScHb6oMbnMdJCYyJGy5Q4BrQ%25r993UW8zWuuRCqogqaaRdl3ilUUHecRScHHdQMbnMddAzyJGy55EurQ%25r90gbW8zWuBAuqoQLds3%251UMESQJaCMb3Vq0zoaDHdl38vontCcYiGb8l38NrjGl3guUHqoQUyFnHm
BMW M8,"https://cache.bmwusa.com/cosy.arox?pov=walkaround&brand=WBBM&vehicle=258L&client=byoc&paint=P0300&fabric=FLKSW&sa=S01MA,S01TH,S0302,S0319,S0322,S03MF,S0415,S0416,S0453,S04GQ,S04HB,S04MC,S04NB,S05AC,S05AZ,S06AC,S06AK,S06C4,S06NW,S06U3,S06WD,S0712,S0760,S0776,S07M9,S07MA&angle=30"
BMW iX,https://bmw.astra.co.id/wp-content/uploads/2022/08/ix.png
BMW i8,https://cdn-www.pod-point.com/i8-coupe-white-background.jpg?v=1548764851
BMW i3,https://cdn.jdpower.com/Models/640x480/2015-BMW-i3-Base.jpg
BMW Z4,https://www.bmw.co.id/content/dam/bmw/common/all-models/z-series/roadster/2022/highlights/bmw-z-series-z4-roadster-ms-aerodynamic.jpg
BMW 4 Series,https://www.bmw.co.uk/content/dam/bmw/common/all-models/4-series/gran-coupe/2024/navigation/bmw-4-series-gran-coupe-modelfinder.png
BMW X3,https://images.dealer.com/ddc/vehicles/2024/BMW/X3/SUV/still/front-left/front-left-640-en_US.jpg
BMW X7,https://prod.cosy.bmw.cloud/bmvis/cosySec?COSY-EU-100-2545J3qAHyFnz5cRoHSWRzMESVDbIHyJR5BoJirjGpuaprQbzAQd82q0zJXnTqoQdRH7RzcYi9t5EFMb3Kq0zKBGjqoQedorDNcYiJjJl382b33NcYitH%25emMb3NZZcYiwJ6GoExmoGl3ixt93l382jTG%25o6drjGo9RbUEJecRoj9y6cYiw956cRocJq0zqaRu3l3ilUQI8cRScH8ZuMbnMdoPeyJGy53LlrQ%25r9Y3CW8zWuEJjqogqaFQFl3ilUjQzcRScH78IMbnMd0zJyJGy5BHErQ%25r9YpHW8zWunUUqogqaGb7l3ilU%25JdcRScHzo9MbnMdg3YyJGy5iRBrQ%25r9SnbW8zWunDjqogqaGCbl3ilU%25QocRScHzUAMbnMdg43yJGy5ieUrQ%25r9SpDW8zWun8kqogqaGo3l3ilU%25tdcRScHzDmMbnMdeB8yJGy5m3erQ%25r9siwW8zWuon%25qogqa3uJl3ilUR3AcRScHbDBMbnMdJC0yJGy55oarQ%25r99FcW8zWu2bJqogqaIn4l3ilU6uacRox9Dbg2drjGo8HprQbpcYiRH459Mb3VR%25IeyFnzQ3Mb36q0zMbSUd5cRodW7%255K
BMW 3 Series,https://www.bmw-ghana.com/content/dam/bmw/common/all-models/3-series/sedan/2022/navigation/bmw-3-series-sedan-lci-modelfinder.png
BMW 1 Series,https://www.bmw.co.za/content/dam/bmw/common/all-models/m-series/m135i/2024/navigation/bmw-1-series-m135-xdrive-modelfinder.png
